--------------------------------------------------------
-- Insert script for USER ROLE
--------------------------------------------------------

Insert into USER_ROLE (USER_ROLE_ID,NAME,DESCRIPTION,STATUS,ROLE_TYPE,REASON,MAKER_CHECKER_REQ,ENTITY_ID,CREATED_DATE,UPDATED_DATE,CREATED_BY,UPDATED_BY) values (27,'System','System','Active','SYSTEM','null','null',null,'2015-01-11 00:00:01.0','2015-12-21 00:00:01.0','Admin','Admin');
Insert into USER_ROLE (USER_ROLE_ID,NAME,DESCRIPTION,STATUS,ROLE_TYPE,REASON,MAKER_CHECKER_REQ,ENTITY_ID,CREATED_DATE,UPDATED_DATE,CREATED_BY,UPDATED_BY) values (30,'DEO','Data Entry Operator','Active','SYSTEM','null','null',null,'2016-01-16 21:57:01.0','2016-01-16 21:57:01.0','sadmin','Admin');


--------------------------------------------------------
--  insert script for ADMIN USER
--------------------------------------------------------

Insert into "admin_user" (ADMIN_USER_ID,EMAIL,USER_NAME,FIRST_NAME,LAST_NAME,PASSWORD,EMAIL_TOKEN,EMAIL_VERIFIED,LANGUAGE,ADDRESS1,ADDRESS2,CITY,STATE,COUNTRY,ZIP,PHONE,LAST_LOGIN_IP,PREVIOUS_PASSWORDS,PASS_RETRY_COUNT,STATUS,USER_TYPE,SECURITY_QUESTION,SECURITY_ANSWER,SERVICE_TYPE,CREATED_DATE,UPDATED_DATE,LAST_PASSWORD_CHANGE,LAST_LOGIN,CREATED_BY,UPDATED_BY,REASON,LOGIN_MODE,USER_ROLE_ID) values (1,'aw@smh.com','phfi','qwe','wwe','$2a$10$m4HCav7HaMN4Nb6Mox2e7OYSYg246e4bo28hZZ5bnjkycHrQkTCHi',null,0,'ASD','ASD','D','SD','D','SAD',1123213,'888-888-8888','0','$2a$10$uL6y24XOABPGWVkPd/C.suJTT3QanZs2sUcQ/IKuwUy1A6XPb2tL.',0,'Suspended','SYSTEM','what is your name ?','CD6D9E84DD93D8622B7E7B5741162B0B',null,to_timestamp('2016-01-16 22:28:05.0','null'),to_timestamp('2016-01-16 21:55:22.0','null'),to_timestamp('2015-12-21 21:41:48.0','null'),to_timestamp('2015-12-21 21:41:48.0','null'),'Admin',null,null,1,27);
Insert into "admin_user" (ADMIN_USER_ID,EMAIL,USER_NAME,FIRST_NAME,LAST_NAME,PASSWORD,EMAIL_TOKEN,EMAIL_VERIFIED,LANGUAGE,ADDRESS1,ADDRESS2,CITY,STATE,COUNTRY,ZIP,PHONE,LAST_LOGIN_IP,PREVIOUS_PASSWORDS,PASS_RETRY_COUNT,STATUS,USER_TYPE,SECURITY_QUESTION,SECURITY_ANSWER,SERVICE_TYPE,CREATED_DATE,UPDATED_DATE,LAST_PASSWORD_CHANGE,LAST_LOGIN,CREATED_BY,UPDATED_BY,REASON,LOGIN_MODE,USER_ROLE_ID) values (15,'shekharprasad1502@gmail.com','shelahr1','KGHERGJEJ','dgjrjgh','$2a$10$ZiDntPp2hfZvMFG8DZzAwefH7rnWVdhCUucqjgiao.rGfGZjrkccm','MDY2RkNBODU0QzVCNEUzMUI2NjAyQzQ0RURBQ0M2MjU2MzdBMjc2RUQ4NkY3RTg1MEM1RDgyRjJENkE2M0NDRDAxMjYzRTlBMTI5M0I1NDY5NDExMTY1QzE5RTcwRDNGMDU0QjNERjREMzU5MzRGOTJDMERDMzM3RjY4REE1QUI=',null,null,null,null,null,null,null,null,'+44-444-444-4444',null,'$2a$10$3BmgTQ8psdFDEt35zxdyLOaZNmLSG3xY.Rv34QciNrX9IeUz5qpFC',0,'Active','SYSTEM',null,null,null,to_timestamp('2016-01-07 00:28:12.0','null'),null,to_timestamp('2016-01-07 00:28:12.0','null'),null,'Admin',null,null,0,27);
Insert into "admin_user" (ADMIN_USER_ID,EMAIL,USER_NAME,FIRST_NAME,LAST_NAME,PASSWORD,EMAIL_TOKEN,EMAIL_VERIFIED,LANGUAGE,ADDRESS1,ADDRESS2,CITY,STATE,COUNTRY,ZIP,PHONE,LAST_LOGIN_IP,PREVIOUS_PASSWORDS,PASS_RETRY_COUNT,STATUS,USER_TYPE,SECURITY_QUESTION,SECURITY_ANSWER,SERVICE_TYPE,CREATED_DATE,UPDATED_DATE,LAST_PASSWORD_CHANGE,LAST_LOGIN,CREATED_BY,UPDATED_BY,REASON,LOGIN_MODE,USER_ROLE_ID) values (16,'shekharprasad185@gmail.com','dgfdgasgdsgdfg','dsgsdgdsg','sdgdfsgsdf','$2a$10$eEwKM51BMtx1VLFxRnoH3.G2WUl7vR9oiJ8af1sXpxm4k73frYnOe','MDY2RkNBODU0QzVCNEUzMUI2NjAyQzQ0RURBQ0M2MjU2MzdBMjc2RUQ4NkY3RTg1MEM1RDgyRjJENkE2M0NDREVDQjlGMkE3RkU1QTZFMjhBNDAyODgwQUMyNENEODdGMkRBMTE2MjRCNjEyRjMzMTY5RkRDQTBCNTYzM0FDQzQ=',null,null,null,null,null,null,null,null,'+45-346-663-4653',null,'$2a$10$thOSveJfL99auZpnisepN.sED1zvIRz/QSmHyQfXYpCHHaXAFWeDy',0,'Active','SYSTEM',null,null,null,to_timestamp('2016-01-07 00:37:04.0','null'),null,to_timestamp('2016-01-07 00:37:04.0','null'),null,'Admin',null,null,0,27);
Insert into "admin_user" (ADMIN_USER_ID,EMAIL,USER_NAME,FIRST_NAME,LAST_NAME,PASSWORD,EMAIL_TOKEN,EMAIL_VERIFIED,LANGUAGE,ADDRESS1,ADDRESS2,CITY,STATE,COUNTRY,ZIP,PHONE,LAST_LOGIN_IP,PREVIOUS_PASSWORDS,PASS_RETRY_COUNT,STATUS,USER_TYPE,SECURITY_QUESTION,SECURITY_ANSWER,SERVICE_TYPE,CREATED_DATE,UPDATED_DATE,LAST_PASSWORD_CHANGE,LAST_LOGIN,CREATED_BY,UPDATED_BY,REASON,LOGIN_MODE,USER_ROLE_ID) values (17,'shekhar.prasad206@gmail.com','shekhar11','Shekhar','Prasad','$2a$10$/cLQVmc3fTjBt2GHm.HczuUDIT/St2iK9XZ07/7GlrCKESgALP7cu','MDY2RkNBODU0QzVCNEUzMUI2NjAyQzQ0RURBQ0M2MjU2MzdBMjc2RUQ4NkY3RTg1NDk4MzBFNzdGRTZEMDk0MDMxQzE1MTNFMzFFREVGOTE2NzkyNkM0MkMyMTY2OEU4NjBBRDU0MjJGNUY2MTg5OUYyRjY4RTJENzNFOEVGMDY=',null,null,null,null,null,null,null,null,'+99-999-999-9999',null,'$2a$10$vh06Pe72RFDrO2YvG/sRXOZEaFro.P5FpdTMGnUdkrS2Z5p1Ior3e',0,'Active','SYSTEM',null,null,null,to_timestamp('2016-01-13 00:17:38.0','null'),null,to_timestamp('2016-01-13 00:17:38.0','null'),null,'Admin',null,null,0,28);
Insert into ADMIN_USER (ADMIN_USER_ID,EMAIL,USER_NAME,FIRST_NAME,LAST_NAME,PASSWORD,EMAIL_TOKEN,EMAIL_VERIFIED,LANGUAGE,ADDRESS1,ADDRESS2,CITY,STATE,COUNTRY,ZIP,PHONE,LAST_LOGIN_IP,PREVIOUS_PASSWORDS,PASS_RETRY_COUNT,STATUS,USER_TYPE,SECURITY_QUESTION,SECURITY_ANSWER,SERVICE_TYPE,CREATED_DATE,UPDATED_DATE,LAST_PASSWORD_CHANGE,LAST_LOGIN,CREATED_BY,UPDATED_BY,REASON,LOGIN_MODE,USER_ROLE_ID) values (18,'prasadshe421@gmail.com','shekhar111','dfghjdfg','dfghjk','$2a$10$m4HCav7HaMN4Nb6Mox2e7OYSYg246e4bo28hZZ5bnjkycHrQkTCHi','MDY2RkNBODU0QzVCNEUzMUI2NjAyQzQ0RURBQ0M2MjUzNTBEMDBFRUIxNTEyQzAwMkIxQzBCNjY3Mzk2QjcwQzY5MDUwQUQ5Q0YzRTQzRkFEMjNDNjgzRTIyQ0VBMDNCMkVFNzkzRDgyODI0NzQzMzA5MEY3MjQ1NDAyOTk3MDA=',null,null,null,null,null,null,null,null,'+77-777-777-7777',null,'$2a$10$gcnB0yZcmKuPxwLomUfwReF4ynM3iiPoHLEwT8hsWk3SQcv5kT.r2',0,'Active','SYSTEM',null,null,null,'2016-01-16 22:33:04.0',null,'2016-01-13 00:24:18.0',null,'Admin',null,null,1,27);
Insert into ADMIN_USER (ADMIN_USER_ID,EMAIL,USER_NAME,FIRST_NAME,LAST_NAME,PASSWORD,EMAIL_TOKEN,EMAIL_VERIFIED,LANGUAGE,ADDRESS1,ADDRESS2,CITY,STATE,COUNTRY,ZIP,PHONE,LAST_LOGIN_IP,PREVIOUS_PASSWORDS,PASS_RETRY_COUNT,STATUS,USER_TYPE,SECURITY_QUESTION,SECURITY_ANSWER,SERVICE_TYPE,CREATED_DATE,UPDATED_DATE,LAST_PASSWORD_CHANGE,LAST_LOGIN,CREATED_BY,UPDATED_BY,REASON,LOGIN_MODE,USER_ROLE_ID) values (19,'aaa@gmail.com','DEO','DEO','deo','$2a$10$m4HCav7HaMN4Nb6Mox2e7OYSYg246e4bo28hZZ5bnjkycHrQkTCHi','MDY2RkNBODU0QzVCNEUzMUI2NjAyQzQ0RURBQ0M2MjUyRjk0NUQyRkY2QjA3QzNEODVFMUUzRTFDM0U0QzI2RTk3NjdCMzJBQ0I1RTU2NDBFNTZGNUNGRjc3RDIwRjk5ODFCMzE4NzYyM0I5NEU2MA==',null,null,null,null,null,null,null,null,'555-555-5555',null,'$2a$10$5j0EDBMEs/t.22YveL8VzOid9mj7.YpAwJT8DT8vJfgp0JyloLAci',0,'Active','SYSTEM','what is your name ?','75B0FF6B82189008',null,'2016-01-16 22:02:59.0','2016-01-16 22:03:37.0','2016-01-16 21:58:24.0',null,'Admin',null,null,1,30);

--------------------------------------------------------
--  insert script for PHFI FEATURE
--------------------------------------------------------

Insert into BEACON_FEATURE (FEATURE_ID,NAME,FEATURE_LEVEL,ROLE_TYPE,REF_FEATURE_ID,STATUS,CREATED_DATE) values (1,'Dashboard',0,'ADMIN',0,'Active','2015-12-21 00:00:01.0');
Insert into BEACON_FEATURE (FEATURE_ID,NAME,FEATURE_LEVEL,ROLE_TYPE,REF_FEATURE_ID,STATUS,CREATED_DATE) values (2,'Manage',0,'ADMIN',0,'Active','2015-12-21 00:00:01.0');
Insert into BEACON_FEATURE (FEATURE_ID,NAME,FEATURE_LEVEL,ROLE_TYPE,REF_FEATURE_ID,STATUS,CREATED_DATE) values (3,'Registration',1,'ADMIN',2,'Active','2015-12-21 00:00:01.0');
Insert into BEACON_FEATURE (FEATURE_ID,NAME,FEATURE_LEVEL,ROLE_TYPE,REF_FEATURE_ID,STATUS,CREATED_DATE) values (4,'View',3,'ADMIN',3,'Active','2015-12-21 00:00:01.0');
Insert into BEACON_FEATURE (FEATURE_ID,NAME,FEATURE_LEVEL,ROLE_TYPE,REF_FEATURE_ID,STATUS,CREATED_DATE) values (5,'Create',3,'ADMIN',3,'Active','2015-12-21 00:00:01.0');
Insert into BEACON_FEATURE (FEATURE_ID,NAME,FEATURE_LEVEL,ROLE_TYPE,REF_FEATURE_ID,STATUS,CREATED_DATE) values (6,'Edit',3,'ADMIN',3,'Active','2015-12-21 00:00:01.0');
Insert into BEACON_FEATURE (FEATURE_ID,NAME,FEATURE_LEVEL,ROLE_TYPE,REF_FEATURE_ID,STATUS,CREATED_DATE) values (7,'Delete',3,'ADMIN',3,'Active','2015-12-21 00:00:01.0');
Insert into BEACON_FEATURE (FEATURE_ID,NAME,FEATURE_LEVEL,ROLE_TYPE,REF_FEATURE_ID,STATUS,CREATED_DATE) values (8,'Activate',3,'ADMIN',3,'Active','2015-12-21 00:00:01.0');
Insert into BEACON_FEATURE (FEATURE_ID,NAME,FEATURE_LEVEL,ROLE_TYPE,REF_FEATURE_ID,STATUS,CREATED_DATE) values (9,'Suspend',3,'ADMIN',3,'Active','2015-12-21 00:00:01.0');
Insert into BEACON_FEATURE (FEATURE_ID,NAME,FEATURE_LEVEL,ROLE_TYPE,REF_FEATURE_ID,STATUS,CREATED_DATE) values (25,'Report',1,'ADMIN',2,'Active','2015-12-21 00:00:01.0');
Insert into BEACON_FEATURE (FEATURE_ID,NAME,FEATURE_LEVEL,ROLE_TYPE,REF_FEATURE_ID,STATUS,CREATED_DATE) values (26,'View',3,'ADMIN',25,'Active','2015-12-21 00:00:01.0');
Insert into BEACON_FEATURE (FEATURE_ID,NAME,FEATURE_LEVEL,ROLE_TYPE,REF_FEATURE_ID,STATUS,CREATED_DATE) values (27,'Create',3,'ADMIN',25,'Active','2015-12-21 00:00:01.0');
Insert into BEACON_FEATURE (FEATURE_ID,NAME,FEATURE_LEVEL,ROLE_TYPE,REF_FEATURE_ID,STATUS,CREATED_DATE) values (28,'Edit',3,'ADMIN',25,'Active','2015-12-21 00:00:01.0');
Insert into BEACON_FEATURE (FEATURE_ID,NAME,FEATURE_LEVEL,ROLE_TYPE,REF_FEATURE_ID,STATUS,CREATED_DATE) values (29,'Delete',3,'ADMIN',25,'Active','2015-12-21 00:00:01.0');
Insert into BEACON_FEATURE (FEATURE_ID,NAME,FEATURE_LEVEL,ROLE_TYPE,REF_FEATURE_ID,STATUS,CREATED_DATE) values (30,'Activate',3,'ADMIN',25,'Active','2015-12-21 00:00:01.0');
Insert into BEACON_FEATURE (FEATURE_ID,NAME,FEATURE_LEVEL,ROLE_TYPE,REF_FEATURE_ID,STATUS,CREATED_DATE) values (31,'Suspend',3,'ADMIN',25,'Active','2015-12-21 00:00:01.0');
Insert into BEACON_FEATURE (FEATURE_ID,NAME,FEATURE_LEVEL,ROLE_TYPE,REF_FEATURE_ID,STATUS,CREATED_DATE) values (102,'My Profile',1,'ADMIN',1,'Active','2015-12-21 00:00:01.0');
Insert into BEACON_FEATURE (FEATURE_ID,NAME,FEATURE_LEVEL,ROLE_TYPE,REF_FEATURE_ID,STATUS,CREATED_DATE) values (301,'Set Up',0,'ADMIN',0,'Active','2015-12-21 00:00:01.0');
Insert into BEACON_FEATURE (FEATURE_ID,NAME,FEATURE_LEVEL,ROLE_TYPE,REF_FEATURE_ID,STATUS,CREATED_DATE) values (302,'Role',1,'ADMIN',301,'Active','2015-12-21 00:00:01.0');
Insert into BEACON_FEATURE (FEATURE_ID,NAME,FEATURE_LEVEL,ROLE_TYPE,REF_FEATURE_ID,STATUS,CREATED_DATE) values (303,'View',3,'ADMIN',302,'Active','2015-12-21 00:00:01.0');
Insert into BEACON_FEATURE (FEATURE_ID,NAME,FEATURE_LEVEL,ROLE_TYPE,REF_FEATURE_ID,STATUS,CREATED_DATE) values (304,'Create',3,'ADMIN',302,'Active','2015-12-21 00:00:01.0');
Insert into BEACON_FEATURE (FEATURE_ID,NAME,FEATURE_LEVEL,ROLE_TYPE,REF_FEATURE_ID,STATUS,CREATED_DATE) values (305,'Edit',3,'ADMIN',302,'Active','2015-12-21 00:00:01.0');
Insert into BEACON_FEATURE (FEATURE_ID,NAME,FEATURE_LEVEL,ROLE_TYPE,REF_FEATURE_ID,STATUS,CREATED_DATE) values (306,'Delete',3,'ADMIN',302,'Active','2015-12-21 00:00:01.0');
Insert into BEACON_FEATURE (FEATURE_ID,NAME,FEATURE_LEVEL,ROLE_TYPE,REF_FEATURE_ID,STATUS,CREATED_DATE) values (307,'Activate',3,'ADMIN',302,'Active','2015-12-21 00:00:01.0');
Insert into BEACON_FEATURE (FEATURE_ID,NAME,FEATURE_LEVEL,ROLE_TYPE,REF_FEATURE_ID,STATUS,CREATED_DATE) values (308,'Suspend',3,'ADMIN',302,'Active','2015-12-21 00:00:01.0');
Insert into BEACON_FEATURE (FEATURE_ID,NAME,FEATURE_LEVEL,ROLE_TYPE,REF_FEATURE_ID,STATUS,CREATED_DATE) values (309,'User',1,'ADMIN',301,'Active','2015-12-21 00:00:01.0');
Insert into BEACON_FEATURE (FEATURE_ID,NAME,FEATURE_LEVEL,ROLE_TYPE,REF_FEATURE_ID,STATUS,CREATED_DATE) values (310,'View',3,'ADMIN',309,'Active','2015-12-21 00:00:01.0');
Insert into BEACON_FEATURE (FEATURE_ID,NAME,FEATURE_LEVEL,ROLE_TYPE,REF_FEATURE_ID,STATUS,CREATED_DATE) values (311,'Create',3,'ADMIN',309,'Active','2015-12-21 00:00:01.0');
Insert into BEACON_FEATURE (FEATURE_ID,NAME,FEATURE_LEVEL,ROLE_TYPE,REF_FEATURE_ID,STATUS,CREATED_DATE) values (312,'Edit',3,'ADMIN',309,'Active','2015-12-21 00:00:01.0');
Insert into BEACON_FEATURE (FEATURE_ID,NAME,FEATURE_LEVEL,ROLE_TYPE,REF_FEATURE_ID,STATUS,CREATED_DATE) values (313,'Delete',3,'ADMIN',309,'Active','2015-12-21 00:00:01.0');
Insert into BEACON_FEATURE (FEATURE_ID,NAME,FEATURE_LEVEL,ROLE_TYPE,REF_FEATURE_ID,STATUS,CREATED_DATE) values (314,'Activate',3,'ADMIN',309,'Active','2015-12-21 00:00:01.0');
Insert into BEACON_FEATURE (FEATURE_ID,NAME,FEATURE_LEVEL,ROLE_TYPE,REF_FEATURE_ID,STATUS,CREATED_DATE) values (315,'Suspend',3,'ADMIN',309,'Active','2015-12-21 00:00:01.0');

--------------------------------------------------------
--  insert script for COUNTRY
--------------------------------------------------------
Insert into COUNTRY (ID,NAME) values (3,'India');

--------------------------------------------------------
--  insert script for ENTITY FEATURE
--------------------------------------------------------

Insert into ENTITY_FEATURE (ID,ENTITY_ID,FEATURE_ID) values (2,1,1);
Insert into ENTITY_FEATURE (ID,ENTITY_ID,FEATURE_ID) values (3,1,2);
Insert into ENTITY_FEATURE (ID,ENTITY_ID,FEATURE_ID) values (4,1,3);
Insert into ENTITY_FEATURE (ID,ENTITY_ID,FEATURE_ID) values (5,1,4);
Insert into ENTITY_FEATURE (ID,ENTITY_ID,FEATURE_ID) values (6,1,5);
Insert into ENTITY_FEATURE (ID,ENTITY_ID,FEATURE_ID) values (7,1,6);
Insert into ENTITY_FEATURE (ID,ENTITY_ID,FEATURE_ID) values (8,1,8);
Insert into ENTITY_FEATURE (ID,ENTITY_ID,FEATURE_ID) values (9,1,7);
Insert into ENTITY_FEATURE (ID,ENTITY_ID,FEATURE_ID) values (10,1,9);
Insert into ENTITY_FEATURE (ID,ENTITY_ID,FEATURE_ID) values (11,1,10);
Insert into ENTITY_FEATURE (ID,ENTITY_ID,FEATURE_ID) values (12,1,11);
Insert into ENTITY_FEATURE (ID,ENTITY_ID,FEATURE_ID) values (13,1,12);
Insert into ENTITY_FEATURE (ID,ENTITY_ID,FEATURE_ID) values (14,1,13);
Insert into ENTITY_FEATURE (ID,ENTITY_ID,FEATURE_ID) values (15,1,15);
Insert into ENTITY_FEATURE (ID,ENTITY_ID,FEATURE_ID) values (16,1,14);
Insert into ENTITY_FEATURE (ID,ENTITY_ID,FEATURE_ID) values (17,1,16);
Insert into ENTITY_FEATURE (ID,ENTITY_ID,FEATURE_ID) values (18,1,17);
Insert into ENTITY_FEATURE (ID,ENTITY_ID,FEATURE_ID) values (19,1,18);
Insert into ENTITY_FEATURE (ID,ENTITY_ID,FEATURE_ID) values (20,1,19);
Insert into ENTITY_FEATURE (ID,ENTITY_ID,FEATURE_ID) values (21,1,20);
Insert into ENTITY_FEATURE (ID,ENTITY_ID,FEATURE_ID) values (22,1,21);
Insert into ENTITY_FEATURE (ID,ENTITY_ID,FEATURE_ID) values (23,1,22);
Insert into ENTITY_FEATURE (ID,ENTITY_ID,FEATURE_ID) values (24,1,23);
Insert into ENTITY_FEATURE (ID,ENTITY_ID,FEATURE_ID) values (25,1,24);
Insert into ENTITY_FEATURE (ID,ENTITY_ID,FEATURE_ID) values (26,1,25);
Insert into ENTITY_FEATURE (ID,ENTITY_ID,FEATURE_ID) values (27,1,26);
Insert into ENTITY_FEATURE (ID,ENTITY_ID,FEATURE_ID) values (28,1,28);
Insert into ENTITY_FEATURE (ID,ENTITY_ID,FEATURE_ID) values (29,1,27);
Insert into ENTITY_FEATURE (ID,ENTITY_ID,FEATURE_ID) values (30,1,29);
Insert into ENTITY_FEATURE (ID,ENTITY_ID,FEATURE_ID) values (31,1,101);
Insert into ENTITY_FEATURE (ID,ENTITY_ID,FEATURE_ID) values (32,1,102);
Insert into ENTITY_FEATURE (ID,ENTITY_ID,FEATURE_ID) values (33,1,103);
Insert into ENTITY_FEATURE (ID,ENTITY_ID,FEATURE_ID) values (34,1,104);
Insert into ENTITY_FEATURE (ID,ENTITY_ID,FEATURE_ID) values (35,1,105);
Insert into ENTITY_FEATURE (ID,ENTITY_ID,FEATURE_ID) values (36,1,107);
Insert into ENTITY_FEATURE (ID,ENTITY_ID,FEATURE_ID) values (37,1,106);
Insert into ENTITY_FEATURE (ID,ENTITY_ID,FEATURE_ID) values (38,1,108);
Insert into ENTITY_FEATURE (ID,ENTITY_ID,FEATURE_ID) values (39,1,109);
Insert into ENTITY_FEATURE (ID,ENTITY_ID,FEATURE_ID) values (40,1,110);
Insert into ENTITY_FEATURE (ID,ENTITY_ID,FEATURE_ID) values (41,1,111);
Insert into ENTITY_FEATURE (ID,ENTITY_ID,FEATURE_ID) values (42,1,112);
Insert into ENTITY_FEATURE (ID,ENTITY_ID,FEATURE_ID) values (43,1,114);
Insert into ENTITY_FEATURE (ID,ENTITY_ID,FEATURE_ID) values (44,1,113);
Insert into ENTITY_FEATURE (ID,ENTITY_ID,FEATURE_ID) values (45,1,115);
Insert into ENTITY_FEATURE (ID,ENTITY_ID,FEATURE_ID) values (46,1,116);
Insert into ENTITY_FEATURE (ID,ENTITY_ID,FEATURE_ID) values (47,1,117);
Insert into ENTITY_FEATURE (ID,ENTITY_ID,FEATURE_ID) values (48,1,118);
Insert into ENTITY_FEATURE (ID,ENTITY_ID,FEATURE_ID) values (49,1,119);
Insert into ENTITY_FEATURE (ID,ENTITY_ID,FEATURE_ID) values (50,1,121);
Insert into ENTITY_FEATURE (ID,ENTITY_ID,FEATURE_ID) values (51,1,120);
Insert into ENTITY_FEATURE (ID,ENTITY_ID,FEATURE_ID) values (52,1,122);
Insert into ENTITY_FEATURE (ID,ENTITY_ID,FEATURE_ID) values (53,1,123);
Insert into ENTITY_FEATURE (ID,ENTITY_ID,FEATURE_ID) values (54,1,124);
Insert into ENTITY_FEATURE (ID,ENTITY_ID,FEATURE_ID) values (55,1,125);
Insert into ENTITY_FEATURE (ID,ENTITY_ID,FEATURE_ID) values (56,1,127);
Insert into ENTITY_FEATURE (ID,ENTITY_ID,FEATURE_ID) values (57,1,126);
Insert into ENTITY_FEATURE (ID,ENTITY_ID,FEATURE_ID) values (58,1,128);
Insert into ENTITY_FEATURE (ID,ENTITY_ID,FEATURE_ID) values (59,1,129);
Insert into ENTITY_FEATURE (ID,ENTITY_ID,FEATURE_ID) values (60,1,130);
Insert into ENTITY_FEATURE (ID,ENTITY_ID,FEATURE_ID) values (61,1,131);
Insert into ENTITY_FEATURE (ID,ENTITY_ID,FEATURE_ID) values (62,1,132);
Insert into ENTITY_FEATURE (ID,ENTITY_ID,FEATURE_ID) values (63,1,134);
Insert into ENTITY_FEATURE (ID,ENTITY_ID,FEATURE_ID) values (64,1,133);
Insert into ENTITY_FEATURE (ID,ENTITY_ID,FEATURE_ID) values (65,1,135);
Insert into ENTITY_FEATURE (ID,ENTITY_ID,FEATURE_ID) values (66,1,201);
Insert into ENTITY_FEATURE (ID,ENTITY_ID,FEATURE_ID) values (67,1,202);
Insert into ENTITY_FEATURE (ID,ENTITY_ID,FEATURE_ID) values (68,1,203);
Insert into ENTITY_FEATURE (ID,ENTITY_ID,FEATURE_ID) values (69,1,204);
Insert into ENTITY_FEATURE (ID,ENTITY_ID,FEATURE_ID) values (70,1,205);
Insert into ENTITY_FEATURE (ID,ENTITY_ID,FEATURE_ID) values (71,1,207);
Insert into ENTITY_FEATURE (ID,ENTITY_ID,FEATURE_ID) values (72,1,206);
Insert into ENTITY_FEATURE (ID,ENTITY_ID,FEATURE_ID) values (73,1,208);
Insert into ENTITY_FEATURE (ID,ENTITY_ID,FEATURE_ID) values (74,1,209);
Insert into ENTITY_FEATURE (ID,ENTITY_ID,FEATURE_ID) values (75,1,210);
Insert into ENTITY_FEATURE (ID,ENTITY_ID,FEATURE_ID) values (76,1,211);
Insert into ENTITY_FEATURE (ID,ENTITY_ID,FEATURE_ID) values (77,1,212);
Insert into ENTITY_FEATURE (ID,ENTITY_ID,FEATURE_ID) values (78,1,213);
Insert into ENTITY_FEATURE (ID,ENTITY_ID,FEATURE_ID) values (79,1,214);
Insert into ENTITY_FEATURE (ID,ENTITY_ID,FEATURE_ID) values (80,1,215);
Insert into ENTITY_FEATURE (ID,ENTITY_ID,FEATURE_ID) values (81,1,216);
Insert into ENTITY_FEATURE (ID,ENTITY_ID,FEATURE_ID) values (82,1,218);
Insert into ENTITY_FEATURE (ID,ENTITY_ID,FEATURE_ID) values (83,1,217);
Insert into ENTITY_FEATURE (ID,ENTITY_ID,FEATURE_ID) values (84,1,219);
Insert into ENTITY_FEATURE (ID,ENTITY_ID,FEATURE_ID) values (85,1,220);
Insert into ENTITY_FEATURE (ID,ENTITY_ID,FEATURE_ID) values (86,1,221);
Insert into ENTITY_FEATURE (ID,ENTITY_ID,FEATURE_ID) values (87,1,222);
Insert into ENTITY_FEATURE (ID,ENTITY_ID,FEATURE_ID) values (88,1,223);
Insert into ENTITY_FEATURE (ID,ENTITY_ID,FEATURE_ID) values (89,1,225);
Insert into ENTITY_FEATURE (ID,ENTITY_ID,FEATURE_ID) values (90,1,224);
Insert into ENTITY_FEATURE (ID,ENTITY_ID,FEATURE_ID) values (91,1,226);
Insert into ENTITY_FEATURE (ID,ENTITY_ID,FEATURE_ID) values (92,1,227);
Insert into ENTITY_FEATURE (ID,ENTITY_ID,FEATURE_ID) values (93,1,228);
Insert into ENTITY_FEATURE (ID,ENTITY_ID,FEATURE_ID) values (94,1,229);
Insert into ENTITY_FEATURE (ID,ENTITY_ID,FEATURE_ID) values (95,1,230);
Insert into ENTITY_FEATURE (ID,ENTITY_ID,FEATURE_ID) values (96,1,231);
Insert into ENTITY_FEATURE (ID,ENTITY_ID,FEATURE_ID) values (97,1,30);
Insert into ENTITY_FEATURE (ID,ENTITY_ID,FEATURE_ID) values (98,1,31);
Insert into ENTITY_FEATURE (ID,ENTITY_ID,FEATURE_ID) values (99,1,40);
Insert into ENTITY_FEATURE (ID,ENTITY_ID,FEATURE_ID) values (100,1,41);
Insert into ENTITY_FEATURE (ID,ENTITY_ID,FEATURE_ID) values (101,1,42);
Insert into ENTITY_FEATURE (ID,ENTITY_ID,FEATURE_ID) values (102,1,43);
Insert into ENTITY_FEATURE (ID,ENTITY_ID,FEATURE_ID) values (103,1,44);
Insert into ENTITY_FEATURE (ID,ENTITY_ID,FEATURE_ID) values (104,1,45);
Insert into ENTITY_FEATURE (ID,ENTITY_ID,FEATURE_ID) values (105,1,46);
Insert into ENTITY_FEATURE (ID,ENTITY_ID,FEATURE_ID) values (106,1,50);
Insert into ENTITY_FEATURE (ID,ENTITY_ID,FEATURE_ID) values (107,1,51);
Insert into ENTITY_FEATURE (ID,ENTITY_ID,FEATURE_ID) values (108,1,52);
Insert into ENTITY_FEATURE (ID,ENTITY_ID,FEATURE_ID) values (109,1,53);
Insert into ENTITY_FEATURE (ID,ENTITY_ID,FEATURE_ID) values (110,1,54);
Insert into ENTITY_FEATURE (ID,ENTITY_ID,FEATURE_ID) values (111,1,55);
Insert into ENTITY_FEATURE (ID,ENTITY_ID,FEATURE_ID) values (112,1,56);
Insert into ENTITY_FEATURE (ID,ENTITY_ID,FEATURE_ID) values (113,1,60);
Insert into ENTITY_FEATURE (ID,ENTITY_ID,FEATURE_ID) values (114,1,61);
Insert into ENTITY_FEATURE (ID,ENTITY_ID,FEATURE_ID) values (115,1,62);
Insert into ENTITY_FEATURE (ID,ENTITY_ID,FEATURE_ID) values (116,1,63);
Insert into ENTITY_FEATURE (ID,ENTITY_ID,FEATURE_ID) values (117,1,64);
Insert into ENTITY_FEATURE (ID,ENTITY_ID,FEATURE_ID) values (118,1,65);
Insert into ENTITY_FEATURE (ID,ENTITY_ID,FEATURE_ID) values (119,1,66);
Insert into ENTITY_FEATURE (ID,ENTITY_ID,FEATURE_ID) values (120,1,70);
Insert into ENTITY_FEATURE (ID,ENTITY_ID,FEATURE_ID) values (121,1,71);
Insert into ENTITY_FEATURE (ID,ENTITY_ID,FEATURE_ID) values (122,1,72);
Insert into ENTITY_FEATURE (ID,ENTITY_ID,FEATURE_ID) values (123,1,73);
Insert into ENTITY_FEATURE (ID,ENTITY_ID,FEATURE_ID) values (124,1,74);
Insert into ENTITY_FEATURE (ID,ENTITY_ID,FEATURE_ID) values (125,1,75);
Insert into ENTITY_FEATURE (ID,ENTITY_ID,FEATURE_ID) values (126,1,76);
Insert into ENTITY_FEATURE (ID,ENTITY_ID,FEATURE_ID) values (127,1,150);
Insert into ENTITY_FEATURE (ID,ENTITY_ID,FEATURE_ID) values (128,1,80);
Insert into ENTITY_FEATURE (ID,ENTITY_ID,FEATURE_ID) values (129,1,81);
Insert into ENTITY_FEATURE (ID,ENTITY_ID,FEATURE_ID) values (130,1,82);
Insert into ENTITY_FEATURE (ID,ENTITY_ID,FEATURE_ID) values (131,1,83);
Insert into ENTITY_FEATURE (ID,ENTITY_ID,FEATURE_ID) values (132,1,200);
Insert into ENTITY_FEATURE (ID,ENTITY_ID,FEATURE_ID) values (133,1,90);
Insert into ENTITY_FEATURE (ID,ENTITY_ID,FEATURE_ID) values (134,1,91);
Insert into ENTITY_FEATURE (ID,ENTITY_ID,FEATURE_ID) values (135,1,92);
Insert into ENTITY_FEATURE (ID,ENTITY_ID,FEATURE_ID) values (136,1,93);
Insert into ENTITY_FEATURE (ID,ENTITY_ID,FEATURE_ID) values (137,1,94);
Insert into ENTITY_FEATURE (ID,ENTITY_ID,FEATURE_ID) values (138,1,95);
Insert into ENTITY_FEATURE (ID,ENTITY_ID,FEATURE_ID) values (139,1,110);
Insert into ENTITY_FEATURE (ID,ENTITY_ID,FEATURE_ID) values (140,1,111);
Insert into ENTITY_FEATURE (ID,ENTITY_ID,FEATURE_ID) values (141,1,112);
Insert into ENTITY_FEATURE (ID,ENTITY_ID,FEATURE_ID) values (142,1,113);
Insert into ENTITY_FEATURE (ID,ENTITY_ID,FEATURE_ID) values (143,1,114);
Insert into ENTITY_FEATURE (ID,ENTITY_ID,FEATURE_ID) values (144,1,115);

--------------------------------------------------------
--  insert script for USER_ROLE_ENTITY_MAP
--------------------------------------------------------

Insert into USER_ROLE_ENTITY_MAP (ID,USER_ROLE_ID) values (1,28);
Insert into USER_ROLE_ENTITY_MAP (ID,USER_ROLE_ID) values (2,29);
Insert into USER_ROLE_ENTITY_MAP (ID,USER_ROLE_ID) values (3,30);


--------------------------------------------------------
--  insert script for PORTAL_ROLE_FEATURE_MAP
--------------------------------------------------------

Insert into PORTAL_ROLE_FEATURE_MAP (ROLE_FEATURE_MAP_ID,USER_ROLE_ID,FEATURE_ID,CREATED_DATE,UPDATED_DATE,CREATED_BY,UPDATED_BY) values (1,27,2,'2015-12-21 00:00:01.0','2015-12-21 22:38:40.0','chatakAdmin',null);
Insert into PORTAL_ROLE_FEATURE_MAP (ROLE_FEATURE_MAP_ID,USER_ROLE_ID,FEATURE_ID,CREATED_DATE,UPDATED_DATE,CREATED_BY,UPDATED_BY) values (2,27,3,'2015-12-21 00:00:01.0','2015-12-21 22:38:40.0','chatakAdmin',null);
Insert into PORTAL_ROLE_FEATURE_MAP (ROLE_FEATURE_MAP_ID,USER_ROLE_ID,FEATURE_ID,CREATED_DATE,UPDATED_DATE,CREATED_BY,UPDATED_BY) values (3,27,4,'2015-12-21 00:00:01.0','2015-12-21 22:38:40.0','chatakAdmin',null);
Insert into PORTAL_ROLE_FEATURE_MAP (ROLE_FEATURE_MAP_ID,USER_ROLE_ID,FEATURE_ID,CREATED_DATE,UPDATED_DATE,CREATED_BY,UPDATED_BY) values (4,27,5,'2015-12-21 00:00:01.0','2015-12-21 22:38:40.0','chatakAdmin',null);
Insert into PORTAL_ROLE_FEATURE_MAP (ROLE_FEATURE_MAP_ID,USER_ROLE_ID,FEATURE_ID,CREATED_DATE,UPDATED_DATE,CREATED_BY,UPDATED_BY) values (5,27,6,'2015-12-21 00:00:01.0','2015-12-21 22:38:40.0','chatakAdmin',null);
Insert into PORTAL_ROLE_FEATURE_MAP (ROLE_FEATURE_MAP_ID,USER_ROLE_ID,FEATURE_ID,CREATED_DATE,UPDATED_DATE,CREATED_BY,UPDATED_BY) values (6,27,7,'2015-12-21 00:00:01.0','2015-12-21 22:38:40.0','chatakAdmin',null);
Insert into PORTAL_ROLE_FEATURE_MAP (ROLE_FEATURE_MAP_ID,USER_ROLE_ID,FEATURE_ID,CREATED_DATE,UPDATED_DATE,CREATED_BY,UPDATED_BY) values (7,27,8,'2015-12-21 00:00:01.0','2015-12-21 22:38:40.0','chatakAdmin',null);
Insert into PORTAL_ROLE_FEATURE_MAP (ROLE_FEATURE_MAP_ID,USER_ROLE_ID,FEATURE_ID,CREATED_DATE,UPDATED_DATE,CREATED_BY,UPDATED_BY) values (8,27,9,'2015-12-21 00:00:01.0','2015-12-21 22:38:40.0','chatakAdmin',null);
Insert into PORTAL_ROLE_FEATURE_MAP (ROLE_FEATURE_MAP_ID,USER_ROLE_ID,FEATURE_ID,CREATED_DATE,UPDATED_DATE,CREATED_BY,UPDATED_BY) values (9,27,17,'2015-12-21 00:00:01.0','2015-12-21 22:38:40.0','chatakAdmin',null);
Insert into PORTAL_ROLE_FEATURE_MAP (ROLE_FEATURE_MAP_ID,USER_ROLE_ID,FEATURE_ID,CREATED_DATE,UPDATED_DATE,CREATED_BY,UPDATED_BY) values (10,27,18,'2015-12-21 00:00:01.0','2015-12-21 22:38:40.0','chatakAdmin',null);
Insert into PORTAL_ROLE_FEATURE_MAP (ROLE_FEATURE_MAP_ID,USER_ROLE_ID,FEATURE_ID,CREATED_DATE,UPDATED_DATE,CREATED_BY,UPDATED_BY) values (11,27,19,'2015-12-21 00:00:01.0','2015-12-21 22:38:40.0','chatakAdmin',null);
Insert into PORTAL_ROLE_FEATURE_MAP (ROLE_FEATURE_MAP_ID,USER_ROLE_ID,FEATURE_ID,CREATED_DATE,UPDATED_DATE,CREATED_BY,UPDATED_BY) values (12,27,20,'2015-12-21 00:00:01.0','2015-12-21 22:38:40.0','chatakAdmin',null);
Insert into PORTAL_ROLE_FEATURE_MAP (ROLE_FEATURE_MAP_ID,USER_ROLE_ID,FEATURE_ID,CREATED_DATE,UPDATED_DATE,CREATED_BY,UPDATED_BY) values (13,27,21,'2015-12-21 00:00:01.0','2015-12-21 22:38:40.0','chatakAdmin',null);
Insert into PORTAL_ROLE_FEATURE_MAP (ROLE_FEATURE_MAP_ID,USER_ROLE_ID,FEATURE_ID,CREATED_DATE,UPDATED_DATE,CREATED_BY,UPDATED_BY) values (14,27,22,'2015-12-21 00:00:01.0','2015-12-21 22:38:40.0','chatakAdmin',null);
Insert into PORTAL_ROLE_FEATURE_MAP (ROLE_FEATURE_MAP_ID,USER_ROLE_ID,FEATURE_ID,CREATED_DATE,UPDATED_DATE,CREATED_BY,UPDATED_BY) values (15,27,23,'2015-12-21 00:00:01.0','2015-12-21 22:38:40.0','chatakAdmin',null);
Insert into PORTAL_ROLE_FEATURE_MAP (ROLE_FEATURE_MAP_ID,USER_ROLE_ID,FEATURE_ID,CREATED_DATE,UPDATED_DATE,CREATED_BY,UPDATED_BY) values (16,27,25,'2015-12-21 00:00:01.0','2015-12-21 22:38:40.0','chatakAdmin',null);
Insert into PORTAL_ROLE_FEATURE_MAP (ROLE_FEATURE_MAP_ID,USER_ROLE_ID,FEATURE_ID,CREATED_DATE,UPDATED_DATE,CREATED_BY,UPDATED_BY) values (17,27,26,'2015-12-21 00:00:01.0','2015-12-21 22:38:40.0','chatakAdmin',null);
Insert into PORTAL_ROLE_FEATURE_MAP (ROLE_FEATURE_MAP_ID,USER_ROLE_ID,FEATURE_ID,CREATED_DATE,UPDATED_DATE,CREATED_BY,UPDATED_BY) values (18,27,27,'2015-12-21 00:00:01.0','2015-12-21 22:38:40.0','chatakAdmin',null);
Insert into PORTAL_ROLE_FEATURE_MAP (ROLE_FEATURE_MAP_ID,USER_ROLE_ID,FEATURE_ID,CREATED_DATE,UPDATED_DATE,CREATED_BY,UPDATED_BY) values (19,27,28,'2015-12-21 00:00:01.0','2015-12-21 22:38:40.0','chatakAdmin',null);
Insert into PORTAL_ROLE_FEATURE_MAP (ROLE_FEATURE_MAP_ID,USER_ROLE_ID,FEATURE_ID,CREATED_DATE,UPDATED_DATE,CREATED_BY,UPDATED_BY) values (20,27,29,'2015-12-21 00:00:01.0','2015-12-21 22:38:40.0','chatakAdmin',null);
Insert into PORTAL_ROLE_FEATURE_MAP (ROLE_FEATURE_MAP_ID,USER_ROLE_ID,FEATURE_ID,CREATED_DATE,UPDATED_DATE,CREATED_BY,UPDATED_BY) values (21,27,30,'2015-12-21 00:00:01.0','2015-12-21 22:38:40.0','chatakAdmin',null);
Insert into PORTAL_ROLE_FEATURE_MAP (ROLE_FEATURE_MAP_ID,USER_ROLE_ID,FEATURE_ID,CREATED_DATE,UPDATED_DATE,CREATED_BY,UPDATED_BY) values (22,27,31,'2015-12-21 00:00:01.0','2015-12-21 22:38:40.0','chatakAdmin',null);
Insert into PORTAL_ROLE_FEATURE_MAP (ROLE_FEATURE_MAP_ID,USER_ROLE_ID,FEATURE_ID,CREATED_DATE,UPDATED_DATE,CREATED_BY,UPDATED_BY) values (37,27,301,'2015-12-21 00:00:01.0','2015-12-21 22:42:02.0','chatakAdmin',null);
Insert into PORTAL_ROLE_FEATURE_MAP (ROLE_FEATURE_MAP_ID,USER_ROLE_ID,FEATURE_ID,CREATED_DATE,UPDATED_DATE,CREATED_BY,UPDATED_BY) values (38,27,302,'2015-12-21 00:00:01.0','2015-12-21 22:42:02.0','chatakAdmin',null);
Insert into PORTAL_ROLE_FEATURE_MAP (ROLE_FEATURE_MAP_ID,USER_ROLE_ID,FEATURE_ID,CREATED_DATE,UPDATED_DATE,CREATED_BY,UPDATED_BY) values (39,27,303,'2015-12-21 00:00:01.0','2015-12-21 22:42:02.0','chatakAdmin',null);
Insert into PORTAL_ROLE_FEATURE_MAP (ROLE_FEATURE_MAP_ID,USER_ROLE_ID,FEATURE_ID,CREATED_DATE,UPDATED_DATE,CREATED_BY,UPDATED_BY) values (40,27,304,'2015-12-21 00:00:01.0','2015-12-21 22:42:02.0','chatakAdmin',null);
Insert into PORTAL_ROLE_FEATURE_MAP (ROLE_FEATURE_MAP_ID,USER_ROLE_ID,FEATURE_ID,CREATED_DATE,UPDATED_DATE,CREATED_BY,UPDATED_BY) values (41,27,305,'2015-12-21 00:00:01.0','2015-12-21 22:42:02.0','chatakAdmin',null);
Insert into PORTAL_ROLE_FEATURE_MAP (ROLE_FEATURE_MAP_ID,USER_ROLE_ID,FEATURE_ID,CREATED_DATE,UPDATED_DATE,CREATED_BY,UPDATED_BY) values (42,27,306,'2015-12-21 00:00:01.0','2015-12-21 22:42:02.0','chatakAdmin',null);
Insert into PORTAL_ROLE_FEATURE_MAP (ROLE_FEATURE_MAP_ID,USER_ROLE_ID,FEATURE_ID,CREATED_DATE,UPDATED_DATE,CREATED_BY,UPDATED_BY) values (43,27,307,'2015-12-21 00:00:01.0','2015-12-21 22:42:02.0','chatakAdmin',null);
Insert into PORTAL_ROLE_FEATURE_MAP (ROLE_FEATURE_MAP_ID,USER_ROLE_ID,FEATURE_ID,CREATED_DATE,UPDATED_DATE,CREATED_BY,UPDATED_BY) values (44,27,308,'2015-12-21 00:00:01.0','2015-12-21 22:42:02.0','chatakAdmin',null);
Insert into PORTAL_ROLE_FEATURE_MAP (ROLE_FEATURE_MAP_ID,USER_ROLE_ID,FEATURE_ID,CREATED_DATE,UPDATED_DATE,CREATED_BY,UPDATED_BY) values (45,27,309,'2015-12-21 00:00:01.0','2015-12-21 22:42:02.0','chatakAdmin',null);
Insert into PORTAL_ROLE_FEATURE_MAP (ROLE_FEATURE_MAP_ID,USER_ROLE_ID,FEATURE_ID,CREATED_DATE,UPDATED_DATE,CREATED_BY,UPDATED_BY) values (46,27,310,'2015-12-21 00:00:01.0','2015-12-21 22:42:02.0','chatakAdmin',null);
Insert into PORTAL_ROLE_FEATURE_MAP (ROLE_FEATURE_MAP_ID,USER_ROLE_ID,FEATURE_ID,CREATED_DATE,UPDATED_DATE,CREATED_BY,UPDATED_BY) values (47,27,311,'2015-12-21 00:00:01.0','2015-12-21 22:42:02.0','chatakAdmin',null);
Insert into PORTAL_ROLE_FEATURE_MAP (ROLE_FEATURE_MAP_ID,USER_ROLE_ID,FEATURE_ID,CREATED_DATE,UPDATED_DATE,CREATED_BY,UPDATED_BY) values (48,27,312,'2015-12-21 00:00:01.0','2015-12-21 22:42:02.0','chatakAdmin',null);
Insert into PORTAL_ROLE_FEATURE_MAP (ROLE_FEATURE_MAP_ID,USER_ROLE_ID,FEATURE_ID,CREATED_DATE,UPDATED_DATE,CREATED_BY,UPDATED_BY) values (49,27,313,'2015-12-21 00:00:01.0','2015-12-21 22:42:02.0','chatakAdmin',null);
Insert into PORTAL_ROLE_FEATURE_MAP (ROLE_FEATURE_MAP_ID,USER_ROLE_ID,FEATURE_ID,CREATED_DATE,UPDATED_DATE,CREATED_BY,UPDATED_BY) values (50,27,314,'2015-12-21 00:00:01.0','2015-12-21 22:42:02.0','chatakAdmin',null);
Insert into PORTAL_ROLE_FEATURE_MAP (ROLE_FEATURE_MAP_ID,USER_ROLE_ID,FEATURE_ID,CREATED_DATE,UPDATED_DATE,CREATED_BY,UPDATED_BY) values (51,27,315,'2015-12-21 00:00:01.0','2015-12-21 22:42:02.0','chatakAdmin',null);
Insert into PORTAL_ROLE_FEATURE_MAP (ROLE_FEATURE_MAP_ID,USER_ROLE_ID,FEATURE_ID,CREATED_DATE,UPDATED_DATE,CREATED_BY,UPDATED_BY) values (52,27,1,'2015-12-21 00:00:01.0','2015-12-21 22:42:02.0'),'chatakAdmin',null);
Insert into PORTAL_ROLE_FEATURE_MAP (ROLE_FEATURE_MAP_ID,USER_ROLE_ID,FEATURE_ID,CREATED_DATE,UPDATED_DATE,CREATED_BY,UPDATED_BY) values (54,27,102,'2015-12-21 22:42:02.0','2015-12-21 22:42:02.0','sadmin',null);

Insert into PORTAL_ROLE_FEATURE_MAP (ROLE_FEATURE_MAP_ID,USER_ROLE_ID,FEATURE_ID,CREATED_DATE,UPDATED_DATE,CREATED_BY,UPDATED_BY) values (149,30,1,'2015-12-21 22:42:02.0','2015-12-21 22:42:02.0','chatakAdmin',null);
Insert into PORTAL_ROLE_FEATURE_MAP (ROLE_FEATURE_MAP_ID,USER_ROLE_ID,FEATURE_ID,CREATED_DATE,UPDATED_DATE,CREATED_BY,UPDATED_BY) values (150,30,102,'2015-12-21 22:42:02.0','2015-12-21 22:42:02.0','chatakAdmin',null);
Insert into PORTAL_ROLE_FEATURE_MAP (ROLE_FEATURE_MAP_ID,USER_ROLE_ID,FEATURE_ID,CREATED_DATE,UPDATED_DATE,CREATED_BY,UPDATED_BY) values (151,30,2,'2015-12-21 22:42:02.0','2015-12-21 22:42:02.0','chatakAdmin',null);
Insert into PORTAL_ROLE_FEATURE_MAP (ROLE_FEATURE_MAP_ID,USER_ROLE_ID,FEATURE_ID,CREATED_DATE,UPDATED_DATE,CREATED_BY,UPDATED_BY) values (152,30,3,'2015-12-21 22:42:02.0','2015-12-21 22:42:02.0','chatakAdmin',null);
Insert into PORTAL_ROLE_FEATURE_MAP (ROLE_FEATURE_MAP_ID,USER_ROLE_ID,FEATURE_ID,CREATED_DATE,UPDATED_DATE,CREATED_BY,UPDATED_BY) values (153,30,4,'2015-12-21 22:42:02.0','2015-12-21 22:42:02.0','chatakAdmin',null);
Insert into PORTAL_ROLE_FEATURE_MAP (ROLE_FEATURE_MAP_ID,USER_ROLE_ID,FEATURE_ID,CREATED_DATE,UPDATED_DATE,CREATED_BY,UPDATED_BY) values (154,30,5,'2015-12-21 22:42:02.0','2015-12-21 22:42:02.0','chatakAdmin',null);
Insert into PORTAL_ROLE_FEATURE_MAP (ROLE_FEATURE_MAP_ID,USER_ROLE_ID,FEATURE_ID,CREATED_DATE,UPDATED_DATE,CREATED_BY,UPDATED_BY) values (155,30,6,'2015-12-21 22:42:02.0','2015-12-21 22:42:02.0','chatakAdmin',null);
Insert into PORTAL_ROLE_FEATURE_MAP (ROLE_FEATURE_MAP_ID,USER_ROLE_ID,FEATURE_ID,CREATED_DATE,UPDATED_DATE,CREATED_BY,UPDATED_BY) values (156,30,7,'2015-12-21 22:42:02.0','2015-12-21 22:42:02.0','chatakAdmin',null);
Insert into PORTAL_ROLE_FEATURE_MAP (ROLE_FEATURE_MAP_ID,USER_ROLE_ID,FEATURE_ID,CREATED_DATE,UPDATED_DATE,CREATED_BY,UPDATED_BY) values (157,30,8,'2015-12-21 22:42:02.0','2015-12-21 22:42:02.0','chatakAdmin',null);
Insert into PORTAL_ROLE_FEATURE_MAP (ROLE_FEATURE_MAP_ID,USER_ROLE_ID,FEATURE_ID,CREATED_DATE,UPDATED_DATE,CREATED_BY,UPDATED_BY) values (158,30,9,'2015-12-21 22:42:02.0','2015-12-21 22:42:02.0','chatakAdmin',null);
Insert into PORTAL_ROLE_FEATURE_MAP (ROLE_FEATURE_MAP_ID,USER_ROLE_ID,FEATURE_ID,CREATED_DATE,UPDATED_DATE,CREATED_BY,UPDATED_BY) values (159,30,25,'2015-12-21 22:42:02.0','2015-12-21 22:42:02.0','chatakAdmin',null);
Insert into PORTAL_ROLE_FEATURE_MAP (ROLE_FEATURE_MAP_ID,USER_ROLE_ID,FEATURE_ID,CREATED_DATE,UPDATED_DATE,CREATED_BY,UPDATED_BY) values (160,30,26,'2015-12-21 22:42:02.0','2015-12-21 22:42:02.0','chatakAdmin',null);
Insert into PORTAL_ROLE_FEATURE_MAP (ROLE_FEATURE_MAP_ID,USER_ROLE_ID,FEATURE_ID,CREATED_DATE,UPDATED_DATE,CREATED_BY,UPDATED_BY) values (161,30,27,'2015-12-21 22:42:02.0','2015-12-21 22:42:02.0','chatakAdmin',null);
Insert into PORTAL_ROLE_FEATURE_MAP (ROLE_FEATURE_MAP_ID,USER_ROLE_ID,FEATURE_ID,CREATED_DATE,UPDATED_DATE,CREATED_BY,UPDATED_BY) values (162,30,28,'2015-12-21 22:42:02.0','2015-12-21 22:42:02.0','chatakAdmin',null);
Insert into PORTAL_ROLE_FEATURE_MAP (ROLE_FEATURE_MAP_ID,USER_ROLE_ID,FEATURE_ID,CREATED_DATE,UPDATED_DATE,CREATED_BY,UPDATED_BY) values (163,30,29,'2015-12-21 22:42:02.0','2015-12-21 22:42:02.0','chatakAdmin',null);
Insert into PORTAL_ROLE_FEATURE_MAP (ROLE_FEATURE_MAP_ID,USER_ROLE_ID,FEATURE_ID,CREATED_DATE,UPDATED_DATE,CREATED_BY,UPDATED_BY) values (164,30,30,'2015-12-21 22:42:02.0','2015-12-21 22:42:02.0','chatakAdmin',null);
Insert into PORTAL_ROLE_FEATURE_MAP (ROLE_FEATURE_MAP_ID,USER_ROLE_ID,FEATURE_ID,CREATED_DATE,UPDATED_DATE,CREATED_BY,UPDATED_BY) values (165,30,31,'2015-12-21 22:42:02.0','2015-12-21 22:42:02.0','chatakAdmin',null);

--------------------------------------------------------
--  insert script for STATE
--------------------------------------------------------

Insert into STATE (ID,NAME,STATUS,COUNTRY_ID) values (101,'Andhra Pradesh','Active',3);
Insert into STATE (ID,NAME,STATUS,COUNTRY_ID) values (102,'Arunachal Pradesh','Active',3);
Insert into STATE (ID,NAME,STATUS,COUNTRY_ID) values (103,'Assam','Active',3);
Insert into STATE (ID,NAME,STATUS,COUNTRY_ID) values (104,'Bihar','Active',3);
Insert into STATE (ID,NAME,STATUS,COUNTRY_ID) values (105,'Chhattisgarh','Active',3);
Insert into STATE (ID,NAME,STATUS,COUNTRY_ID) values (106,'Goa','Active',3);
Insert into STATE (ID,NAME,STATUS,COUNTRY_ID) values (107,'Gujarat','Active',3);
Insert into STATE (ID,NAME,STATUS,COUNTRY_ID) values (108,'Haryana','Active',3);
Insert into STATE (ID,NAME,STATUS,COUNTRY_ID) values (109,'Himachal Pradesh','Active',3);
Insert into STATE (ID,NAME,STATUS,COUNTRY_ID) values (110,'Jammu Kashmir','Active',3);
Insert into STATE (ID,NAME,STATUS,COUNTRY_ID) values (111,'Jharkhand','Active',3);
Insert into STATE (ID,NAME,STATUS,COUNTRY_ID) values (112,'Karnataka','Active',3);
Insert into STATE (ID,NAME,STATUS,COUNTRY_ID) values (113,'Kerala','Active',3);
Insert into STATE (ID,NAME,STATUS,COUNTRY_ID) values (114,'Madhya Pradesh','Active',3);
Insert into STATE (ID,NAME,STATUS,COUNTRY_ID) values (115,'Maharashtra','Active',3);
Insert into STATE (ID,NAME,STATUS,COUNTRY_ID) values (116,'Manipur','Active',3);
Insert into STATE (ID,NAME,STATUS,COUNTRY_ID) values (117,'Meghalaya','Active',3);
Insert into STATE (ID,NAME,STATUS,COUNTRY_ID) values (118,'Mizoram','Active',3);
Insert into STATE (ID,NAME,STATUS,COUNTRY_ID) values (119,'Nagaland','Active',3);
Insert into STATE (ID,NAME,STATUS,COUNTRY_ID) values (120,'Odisha','Active',3);
Insert into STATE (ID,NAME,STATUS,COUNTRY_ID) values (121,'Punjab','Active',3);
Insert into STATE (ID,NAME,STATUS,COUNTRY_ID) values (122,'Rajasthan','Active',3);
Insert into STATE (ID,NAME,STATUS,COUNTRY_ID) values (123,'Sikkim','Active',3);
Insert into STATE (ID,NAME,STATUS,COUNTRY_ID) values (124,'Tamil Nadu','Active',3);
Insert into STATE (ID,NAME,STATUS,COUNTRY_ID) values (125,'Telangana','Active',3);
Insert into STATE (ID,NAME,STATUS,COUNTRY_ID) values (126,'Tripura','Active',3);
Insert into STATE (ID,NAME,STATUS,COUNTRY_ID) values (127,'Uttar Pradesh','Active',3);
Insert into STATE (ID,NAME,STATUS,COUNTRY_ID) values (128,'Uttarakhand','Active',3);
Insert into STATE (ID,NAME,STATUS,COUNTRY_ID) values (129,'West Bengal','Active',3);
Insert into STATE (ID,NAME,STATUS,COUNTRY_ID) values (130,'Delhi','Active',3);
Insert into STATE (ID,NAME,STATUS,COUNTRY_ID) values (131,'Chandigarh','Active',3);
Insert into STATE (ID,NAME,STATUS,COUNTRY_ID) values (132,'Dadra and Nagar Haveli','Active',3);
Insert into STATE (ID,NAME,STATUS,COUNTRY_ID) values (133,'Daman and Diu','Active',3);
Insert into STATE (ID,NAME,STATUS,COUNTRY_ID) values (134,'Lakshadweep','Active',3);
Insert into STATE (ID,NAME,STATUS,COUNTRY_ID) values (135,'Andaman and Nicobar Islands','Active',3);
Insert into STATE (ID,NAME,STATUS,COUNTRY_ID) values (136,'Puducherry','Active',3);

--------------------------------------------------------
--  insert script for SYMPTOM
--------------------------------------------------------


INSERT INTO SYMPTOM (SYMPTOM_ID,SYMPTOM_PHRASES,SYMPTOM_SIGNS) VALUES('PHRASES1','h/o intermittent fever with chills and rigors','Positive');
INSERT INTO SYMPTOM (SYMPTOM_ID,SYMPTOM_PHRASES,SYMPTOM_SIGNS) VALUES('PHRASES2','h/o continous fever with chills and rigors','Positive');
INSERT INTO SYMPTOM (SYMPTOM_ID,SYMPTOM_PHRASES,SYMPTOM_SIGNS) VALUES('PHRASES3','h/o intermittent fever without chills and rigors','Positive');
INSERT INTO SYMPTOM (SYMPTOM_ID,SYMPTOM_PHRASES,SYMPTOM_SIGNS) VALUES('PHRASES4','h/o continuous fever without chills and rigors','Positive');
INSERT INTO SYMPTOM (SYMPTOM_ID,SYMPTOM_PHRASES,SYMPTOM_SIGNS) VALUES('PHRASES5','no h/o fever','Negative');
INSERT INTO SYMPTOM (SYMPTOM_ID,SYMPTOM_PHRASES,SYMPTOM_SIGNS) VALUES('PHRASES6','h/o easy fatiguability','Positive');
INSERT INTO SYMPTOM (SYMPTOM_ID,SYMPTOM_PHRASES,SYMPTOM_SIGNS) VALUES('PHRASES7','no h/o easy fatiguability','Negative');
INSERT INTO SYMPTOM (SYMPTOM_ID,SYMPTOM_PHRASES,SYMPTOM_SIGNS) VALUES('PHRASES8','h/o fits','Positive');
INSERT INTO SYMPTOM (SYMPTOM_ID,SYMPTOM_PHRASES,SYMPTOM_SIGNS) VALUES('PHRASES9','no h/o fits','Negative');
INSERT INTO SYMPTOM (SYMPTOM_ID,SYMPTOM_PHRASES,SYMPTOM_SIGNS) VALUES('PHRASES1O','h/o loss of cosciousness','Positive');
INSERT INTO SYMPTOM (SYMPTOM_ID,SYMPTOM_PHRASES,SYMPTOM_SIGNS) VALUES('PHRASES11','no h/o loss of cosciousness','Negative');
INSERT INTO SYMPTOM (SYMPTOM_ID,SYMPTOM_PHRASES,SYMPTOM_SIGNS) VALUES('PHRASES12','h/o fainting','Positive');
INSERT INTO SYMPTOM (SYMPTOM_ID,SYMPTOM_PHRASES,SYMPTOM_SIGNS) VALUES('PHRASES13','no h/o fainting','Negative');
INSERT INTO SYMPTOM (SYMPTOM_ID,SYMPTOM_PHRASES,SYMPTOM_SIGNS) VALUES('PHRASES14','h/o severe headaches','Positive');
INSERT INTO SYMPTOM (SYMPTOM_ID,SYMPTOM_PHRASES,SYMPTOM_SIGNS) VALUES('PHRASES15','no h/o severe headaches','Negative');
INSERT INTO SYMPTOM (SYMPTOM_ID,SYMPTOM_PHRASES,SYMPTOM_SIGNS) VALUES('PHRASES16','h/o blurred visions','Positive');
INSERT INTO SYMPTOM (SYMPTOM_ID,SYMPTOM_PHRASES,SYMPTOM_SIGNS) VALUES('PHRASES17','no h/o blurred vision','Negative');
INSERT INTO SYMPTOM (SYMPTOM_ID,SYMPTOM_PHRASES,SYMPTOM_SIGNS) VALUES('PHRASES18','h/o breathlessness at rest','Positive');
INSERT INTO SYMPTOM (SYMPTOM_ID,SYMPTOM_PHRASES,SYMPTOM_SIGNS) VALUES('PHRASES19','h/o breathlessness with household activities','Positive');
INSERT INTO SYMPTOM (SYMPTOM_ID,SYMPTOM_PHRASES,SYMPTOM_SIGNS) VALUES('PHRASES20','h/o exertional breathlessness','Positive');
INSERT INTO SYMPTOM (SYMPTOM_ID,SYMPTOM_PHRASES,SYMPTOM_SIGNS) VALUES('PHRASES21','No h/o breathlessness','Negative');
INSERT INTO SYMPTOM (SYMPTOM_ID,SYMPTOM_PHRASES,SYMPTOM_SIGNS) VALUES('PHRASES22','h/o cough for less than three weeks','Positive');
INSERT INTO SYMPTOM (SYMPTOM_ID,SYMPTOM_PHRASES,SYMPTOM_SIGNS) VALUES('PHRASES23','h/o cough for more than three weeks','Positive');
INSERT INTO SYMPTOM (SYMPTOM_ID,SYMPTOM_PHRASES,SYMPTOM_SIGNS) VALUES('PHRASES24','no h/o cough','Negative');
INSERT INTO SYMPTOM (SYMPTOM_ID,SYMPTOM_PHRASES,SYMPTOM_SIGNS) VALUES('PHRASES25','h/o upper abdominal pain','Positive');
INSERT INTO SYMPTOM (SYMPTOM_ID,SYMPTOM_PHRASES,SYMPTOM_SIGNS) VALUES('PHRASES26','h/o lower abdominal pain','Positive');
INSERT INTO SYMPTOM (SYMPTOM_ID,SYMPTOM_PHRASES,SYMPTOM_SIGNS) VALUES('PHRASES27','h/o generalised abdominal pain','Positive');
INSERT INTO SYMPTOM (SYMPTOM_ID,SYMPTOM_PHRASES,SYMPTOM_SIGNS) VALUES('PHRASES28','no h/o abdominal pain','Negative');
INSERT INTO SYMPTOM (SYMPTOM_ID,SYMPTOM_PHRASES,SYMPTOM_SIGNS) VALUES('PHRASES29','No h/o loss of fetal movements','Negative');
INSERT INTO SYMPTOM (SYMPTOM_ID,SYMPTOM_PHRASES,SYMPTOM_SIGNS) VALUES('PHRASES30','h/o loss of foetal movements for more than 12 hours','Positive');
INSERT INTO SYMPTOM (SYMPTOM_ID,SYMPTOM_PHRASES,SYMPTOM_SIGNS) VALUES('PHRASES31','h/o foul smelling discharge PV','Positive');
INSERT INTO SYMPTOM (SYMPTOM_ID,SYMPTOM_PHRASES,SYMPTOM_SIGNS) VALUES('PHRASES32','no h/o foul smelling discharge PV','Negative');
INSERT INTO SYMPTOM (SYMPTOM_ID,SYMPTOM_PHRASES,SYMPTOM_SIGNS) VALUES('PHRASES33','h/o spotting','Positive');
INSERT INTO SYMPTOM (SYMPTOM_ID,SYMPTOM_PHRASES,SYMPTOM_SIGNS) VALUES('PHRASES34','h/o moderate bleeding PV','Positive');
INSERT INTO SYMPTOM (SYMPTOM_ID,SYMPTOM_PHRASES,SYMPTOM_SIGNS) VALUES('PHRASES35','h/o profuse bleeding PV','Positive');
INSERT INTO SYMPTOM (SYMPTOM_ID,SYMPTOM_PHRASES,SYMPTOM_SIGNS) VALUES('PHRASES36','no h/o bleeding PV','Negative');
INSERT INTO SYMPTOM (SYMPTOM_ID,SYMPTOM_PHRASES,SYMPTOM_SIGNS) VALUES('PHRASES37','h/o leaking PV','Positive');
INSERT INTO SYMPTOM (SYMPTOM_ID,SYMPTOM_PHRASES,SYMPTOM_SIGNS) VALUES('PHRASES38','no h/o leaking PV','Negative');
INSERT INTO SYMPTOM (SYMPTOM_ID,SYMPTOM_PHRASES,SYMPTOM_SIGNS) VALUES('PHRASES39','h/o burning micturition','Positive');
INSERT INTO SYMPTOM (SYMPTOM_ID,SYMPTOM_PHRASES,SYMPTOM_SIGNS) VALUES('PHRASES40','no h/o burning micturition','Negative');
INSERT INTO SYMPTOM (SYMPTOM_ID,SYMPTOM_PHRASES,SYMPTOM_SIGNS) VALUES('PHRASES41','h/o swelling of feet','Positive');
INSERT INTO SYMPTOM (SYMPTOM_ID,SYMPTOM_PHRASES,SYMPTOM_SIGNS) VALUES('PHRASES42','no h/o swelling of feet','Negative');
INSERT INTO SYMPTOM (SYMPTOM_ID,SYMPTOM_PHRASES,SYMPTOM_SIGNS) VALUES('PHRASES43','h/o swelling of hands','Positive');
INSERT INTO SYMPTOM (SYMPTOM_ID,SYMPTOM_PHRASES,SYMPTOM_SIGNS) VALUES('PHRASES44','no h/o swelling of hands','Negative');
INSERT INTO SYMPTOM (SYMPTOM_ID,SYMPTOM_PHRASES,SYMPTOM_SIGNS) VALUES('PHRASES45','Family reports that she is talking irrelavantly','Positive');
INSERT INTO SYMPTOM (SYMPTOM_ID,SYMPTOM_PHRASES,SYMPTOM_SIGNS) VALUES('PHRASES46','No h/o irrelevant talk reported by the family','Negative');
INSERT INTO SYMPTOM (SYMPTOM_ID,SYMPTOM_PHRASES,SYMPTOM_SIGNS) VALUES('PHRASES47','Breathlessness at rest +','Positive');
INSERT INTO SYMPTOM (SYMPTOM_ID,SYMPTOM_PHRASES,SYMPTOM_SIGNS) VALUES('PHRASES48','Irrelevant talk +','');
INSERT INTO SYMPTOM (SYMPTOM_ID,SYMPTOM_PHRASES,SYMPTOM_SIGNS) VALUES('PHRASES49','Icterus +','Positive');
INSERT INTO SYMPTOM (SYMPTOM_ID,SYMPTOM_PHRASES,SYMPTOM_SIGNS) VALUES('PHRASES50','Pallor +','Positive');
INSERT INTO SYMPTOM (SYMPTOM_ID,SYMPTOM_PHRASES,SYMPTOM_SIGNS) VALUES('PHRASES51','Pitting pedal oedema +','Positive');
INSERT INTO SYMPTOM (SYMPTOM_ID,SYMPTOM_PHRASES,SYMPTOM_SIGNS) VALUES('PHRASES52','Facial puffiness +','Positive');


